title,company,location,description,description_length
Ingénieur en Sécurité Incendie - Casablanca,EXPERT EYE ENGINEERING,Casablanca-Mohammedia,"Nous sommes à la recherche d'un  Ingénieur en Sécurité Incendie. Missions principales Réaliser les études de sécurité incendie pour projets industriels, tertiaires et infrastructures. Établir les scénarios d’incendie et dimensionner les systèmes de détection, extinction et désenfumage. Rédiger les dossiers techniques (APS, APD, DCE) intégrant les prescriptions incendie. Vérifier la conformité aux normes NFPA, FM Global, APSAD, et aux réglementations marocaines. Assurer la coordination avec les autres disciplines (électricité, GC, HVAC).",542
Projeteur en Charpente Métallique - Casablanca,EXPERT EYE ENGINEERING,Casablanca-Mohammedia,"Nous sommes à la recherche d'un  Projeteur en Charpente Métallique. Missions principales Réaliser les plans d’ensemble et de détail en charpente métallique. Préparer les plans de fabrication et de montage. Assurer la compatibilité des plans avec les autres corps d’état (GC, mécanique, fluides). Collaborer étroitement avec les ingénieurs structures pour intégrer les notes de calcul. Vérifier la conformité aux normes de dessin industriel et aux standards de sécurité.",469
Chef de Projet Génie Civil - Casablanca,EXPERT EYE ENGINEERING,Casablanca-Mohammedia,"Nous sommes à la recherche d'un  Chef de Projet Génie Civil. Missions : Superviser les études et travaux de génie civil (bâtiments, infrastructures industrielles, ouvrages spéciaux). Assurer la gestion contractuelle et technique du lot GC. Coordonner les interfaces entre disciplines (structure, charpente métallique, fluides, électricité). Mettre en place et suivre les contrôles qualité et HSE. Assurer le suivi des chantiers et la validation des attachements/métrés.",469
Chef de Projet Mécanique - Casablanca,EXPERT EYE ENGINEERING,Casablanca-Mohammedia,"Nous sommes à la recherche d'un  Chef de Projet Mécanique. Missions : Piloter les études et travaux mécaniques sur des projets industriels (mines, pétrochimie, énergie, infrastructures). Assurer la coordination entre les équipes internes (ingénieurs, projeteurs, techniciens) et les sous-traitants. Élaborer et suivre le planning des livrables. Garantir le respect des normes de sécurité, qualité et environnement. Animer les réunions de coordination et rédiger les comptes rendus. Suivre le budget du lot mécanique et établir les reportings périodiques au client.",564
Ingénieur Spécialisé en Instrumentation et Systèmes de Contrôle - Casablanca,EXPERT EYE ENGINEERING,Casablanca-Mohammedia,"Nous sommes à la recherche d'un  Ingénieur Spécialisé en Instrumentation et Systèmes de Contrôle. Rattaché au pôle ingénierie, l’ingénieur interviendra sur des projets industriels et énergétiques, notamment durant les phases d’études et de conception : Réalisation des études d’ingénierie en instrumentation et contrôle-commande Élaboration des philosophies de contrôle, architectures systèmes et listes d’instruments Définition des instruments de mesure (pression, débit, niveau, température, analyse) Rédaction des spécifications techniques, datasheets et notes de calcul Développement des schémas de boucles, P&ID, interconnexions et armoires de contrôle Participation aux revues...",685
Contrôleur de Gestion - Casablanca,GROUPE MCE,Casablanca-Mohammedia,"Dans le cadre de son développement, nous recherchons un Contrôleur de Gestion ayant une expérience confirmée dans le secteur de l’intérim. Missions principales : Suivre et analyser les performances financières Élaborer et suivre les budgets et prévisions Mettre en place des outils de contrôle et de reporting Analyser les écarts et proposer des actions correctives Accompagner la prise de décision stratégique",410
Agent SIAP  - Casablanca,GROUPE MCE,Casablanca-Mohammedia,Nous sommes à la recherche d'un  Agent SIAP. Missions principales : Assurer la sécurité des personnes et des biens sur le site Veiller au respect des consignes de sécurité incendie Prévenir les risques et intervenir en cas d’incident Contrôler l’accès aux locaux et gérer les entrées/sorties Assister et guider le public en cas d’urgence,337
Chef d´Équipe - Casablanca,COLORADO,Casablanca-Mohammedia,"Nou sommes à la recherche d'un  Chef d'Équipe. Rattaché au pôle industriel et technique,   vos missions sont les suivantes : Exécuter les programmes de production ; Respecter les processus en vigueur ; Contrôler les produits conditionnés avant leur transfert au magasin produits finis ; Jouer un rôle actif dans la lutte contre les incendies; Gérer des équipes opérationnelles ; Organiser les postes de travail.",411
Assistante Administrative - Casablanca,,Casablanca-Mohammedia,"Une entreprise leader dans son secteur, recrute une  Assistante Administrative à Casablanca . Vos responsabilités sont les suivantes : Assurer l'accueil physique et téléphonique des interlocuteurs internes et externes; Assurer les prises de rendez-vous; Traiter le courrier postal et électronique ainsi que les appels téléphoniques; Suivre la circulation des parapheurs; Gérer les agendas électroniques et contrôler les échéances; Saisir, mettre en forme des documents divers (courriers, mails, rapports ….), les reproduire et les diffuser; Répondre aux demandes d'informations des autres services et de l'extérieur; Organiser les réunions et leurs logistiques, rédiger les relevés de décisions;...",698
Téléconseiller en Réception d’Appels - Casablanca,TECTRA CASA TERTIAIRE – RECRUTEMENT,Casablanca-Mohammedia,"Offre d’emploi : Téléconseiller en Réception d’Appels (H/F). Localisation : Sidi Maârouf – Casablanca TECTRA recrute des Téléconseillers en réception d’appels pour le compte de son client basé à Casablanca. Ce poste constitue une opportunité idéale pour les profils débutants souhaitant intégrer le monde professionnel et développer une première expérience en relation client. Une formation rémunérée est assurée au démarrage afin de vous accompagner dans la prise de poste. Vous serez formé(e) aux outils, aux procédures internes ainsi qu’aux techniques de gestion des appels. Missions principales : Réception des appels entrants Ouverture et suivi des dossiers clients Traitement des...",688
Area Manager – Gamme Ville (Afrique) - Afrique,AMANYS PHARMA,Rabat-Salé-Kénitra & International,"Amanys Pharma recrute  Area Manager – Gamme Ville (Afrique). Rattachement : Business Development Lead – AMEA Responsabilités clés 1. Développement stratégique & commercial : Définir et déployer la stratégie commerciale et marketing Identifier et concrétiser de nouvelles opportunités de croissance (produits, marchés, canaux). Contribuer à la stratégie d’accès au marché et au développement du portefeuille. 2. Gestion des partenaires & distribution Développer, structurer et piloter un réseau de distributeurs et partenaires locaux. Superviser les agences de promotion et assurer un suivi rigoureux des plans d’activation terrain. Négocier les accords commerciaux...",667
Agent Tôlerie - Nouaceur,GENERAL PRIVATE INTERIM,Casablanca-Mohammedia,"Nous sommes une société d’intérim à la recherche, pour le compte de notre client opérant dans le secteur industriel, des Agents Tôlerie . Missions principales : Réaliser des opérations de découpe, pliage et assemblage de pièces métalliques Assurer la préparation et le façonnage des éléments en tôle Lire et interpréter les plans techniques Contrôler la qualité des pièces produites Respecter les consignes de sécurité et les procédures de production",450
Agent Suivi GPS - Ait Melloul,VETCAM,Agadir,"Dans le cadre du renforcement de notre équipe transport, nous recrutons un(e) Agent de Suivi GPS chargé(e) d’assurer le suivi en temps réel de notre flotte de camions. Vos principales missions seront : Assurer le suivi en temps réel des véhicules via système GPS Contrôler les trajets, arrêts, retards et anomalies Identifier les écarts (déviation, arrêt non autorisé, vitesse excessive) Alerter immédiatement le responsable exploitation en cas de problème Établir des rapports journaliers et hebdomadaires Analyser les km parcourus, km à vide et temps d’arrêt Participer à l’optimisation des tournées et de la productivité Veiller au respect des consignes par les chauffeurs",675
Superviseur Maintenance et B to B - Mohammedia avec Déplacements Fréquents,,Casablanca-Mohammedia,"Entreprise spécialisée dans la distribution des produits pétroliers, en plein développement de ses activités, recherche un  Superviseur Maintenance et B to B . Rattaché à la Direction Technique, vous avez en charge la disponibilité, la conformité réglementaire et la sécurité des équipements des stations-service, points de ventes et centres d’intérêt de l’entreprise afin d’assurer la continuité d’exploitation et la satisfaction clients. Vous aurez également pour mission : les prés visites aux chantiers et examiner les besoins clients pour estimation (objectif d'optimisation). les formations des gérants et partenaires sur l'exploitation des moyens de service. déploiement des...",684
Agent Facturation - Casablanca,TECTRA RECRUTEMENT MAROC,Casablanca-Mohammedia,Nous sommes à la recherche d'une Agente Facturation pour notre client basé à Casablanca.,88
Superviseur Projets Stations - Mohammedia avec Déplacements Fréquents,,Casablanca-Mohammedia,"Entreprise spécialisée dans la distribution des produits pétroliers, en plein développement de ses activités, recherche un  Superviseur Projets Stations. Vous avez en charge les projets de construction et de rénovation du réseau des stations services, points de ventes et centres d’intérêt de l'entreprise depuis les phases de conception, de budgétisation, d’autorisation, de planification et de construction jusqu’à la mise en service. Vous aurez également pour missions : la Réalisation des projets conformément aux besoins spécifiés par le client interne tout en respectant les procédures et standards «  normes, réglementations en vigueur, respect des aspects et contraintes liées à...",689
Chargé Clients en Compte - Casablanca,BRICOMA,Casablanca-Mohammedia,Nous sommes à la recherche d'un  Chargé Clients en Compte. Missions : Le Chargé clients en compte gère toutes les interactions entre Bricoma et les clients grands comptes ou les clients particuliers. Il s’agit d’un poste sensible ayant plusieurs enjeux : Gérer et fructifier le portefeuille des clients en compte et particuliers Fidéliser les plus grands clients de Bricoma Suivre rigoureusement les paiements pour éviter des dépassements de plafonds Gérer le recouvrement sans altérer la relation client Prospecter et acquérir de nouveaux clients.,548
Directeur Technique - Meknès,SOMACOS,Agadir - Béni Mellal-Khénifra - Casablanca-Mohammedia - Dakhla -...,"Description du poste :  Directeur Technique H Secteur : Plasturgie – Irrigation (Goutte-à-goutte et accessoires) Dans le cadre du renforcement de notre organisation,  une société industrielle spécialisée dans la fabrication de tuyaux de goutte-à-goutte et d’accessoires d’irrigation , recrute un  Directeur d’Usine / Directeur Technique . Missions principales : Rattaché à la Direction Générale, vous aurez pour principales responsabilités : Assurer la  direction globale de l’usine  (production, maintenance, qualité, sécurité) Définir et mettre en œuvre la  stratégie technique et industrielle Planifier, organiser et optimiser la  production (...",649
Responsable Import /Export - Meknès,SOMACOS,Agadir - Béni Mellal-Khénifra - Casablanca-Mohammedia - Dakhla -...,"N/B : Il faut que le candidat réside à Meknès  Dans le cadre de notre développement, nous recrutons une Responsable Import /Export à Meknès pour assurer la gestion administrative des dossiers import/export et faire le suivi avec l'ensemble de nos interlocuteurs (Compagnies de transport, Douanes, Transitaires, etc.) Missions : Gérer les documents douaniers et assurer le respect des réglementations locales et internationales. Coordonner le transport et la logistique des marchandises. Négocier avec les fournisseurs et les prestataires de services logistiques. Maintenir des relations efficaces avec les clients et les partenaires commerciaux à l'international. Optimiser les processus pour garantir l'...",707
Directeur D´Usine Technique - Meknès,SOMACOS,Agadir - Béni Mellal-Khénifra - Casablanca-Mohammedia - Dakhla -...,"Directeur d’Usine / Directeur Technique (H/F) Secteur : Plasturgie – Irrigation (Goutte-à-goutte et accessoires) Dans le cadre du renforcement de notre organisation, une société industrielle spécialisée dans la fabrication de tuyaux de goutte-à-goutte et d’accessoires d’irrigation , recrute un Directeur d’Usine / Directeur Technique . Missions principales : Rattaché à la Direction Générale, vous aurez pour principales responsabilités : Assurer la direction globale de l’usine (production, maintenance, qualité, sécurité) Définir et mettre en œuvre la stratégie technique et industrielle Planifier, organiser et optimiser la production (extrusion, injection, recyclage...",674
Gestionnaire de Stock - Meknès,SOMACOS,Agadir - Béni Mellal-Khénifra - Casablanca-Mohammedia - Dakhla -...,"Nous sommes à la recherche des  Gestionnaires de Stock  pour assurer la gestion, le suivi et l’optimisation des stocks afin de garantir la disponibilité des produits tout en évitant les ruptures et les surstocks. Activités et responsabilités Gestion des stocks Réceptionner et contrôler les marchandises Enregistrer les entrées et sorties de stock Assurer le rangement et l’organisation de l’espace de stockage Réaliser les inventaires réguliers (tournants et annuels) Vérifier la conformité des livraisons Suivi et contrôle Mettre à jour les bases de données et logiciels de gestion de stock Surveiller les niveaux de stock et alerter en cas de seuil critique Identifier les...",678
Chef / Responsable Qualité - Meknès,SOMACOS,Agadir - Béni Mellal-Khénifra - Casablanca-Mohammedia - Dakhla -...,"Nous recrutons un  Chef / Responsable Qualité . Missions principales Mettre en place, maintenir et améliorer le Système de Management de la Qualité (produit & système). Déployer et faire vivre la culture qualité au sein de l’usine. Garantir la conformité des produits, des processus et du système qualité. Piloter l’amélioration continue et la prévention des non-conformités. Responsabilités et activités Système Qualité Contrôle et conformité des produits Gestion des non-conformités et réclamations Audits Moyens de mesure et laboratoire Qualification et validation Formation et sensibilisation Indicateurs et pilotage Collaboration interne Compétences requises Techniques Systèmes de...",689
Chef d´Equipe Extrudeur - Meknès,SOMACOS,Agadir - Béni Mellal-Khénifra - Casablanca-Mohammedia - Dakhla -...,"Nous recrutons un  Chef d’Équipe Extrudeur. Description du poste Vous interviendrez dans une industrie en production continue en 3X8. Durant votre poste, Vous affecterez les tâches à effectuer pendant le poste au sein de l'équipe. Vous veillerez à la bonne réalisation des productions selon les besoins clients et les standards sécurité et qualité et serez vous-même œuvrant (assurer les changements de série, montage démontage des filières et des conformateurs, assurer la maintenance première niveau suivre et préparation mélange la mise en place des 5S la rédaction des rapport production contrôles qualité ...). Vous serez l'interlocuteur principal entre votre équipe et le Responsable de Production :...",708
Customer Service H/F Anglophone - Mohammedia,TECTRA,Casablanca-Mohammedia,"Tectra recrute pour son client sur Mohammedia un Customer Service H/F Anglophone . Vous aurez pour missions : Élaboration et traitement des bons de commande Gestion de stock  Suivi des commandes d'achat -Préparation et envoi des offres commerciales Coordination avec les transitaires , douaniers et transporteurs Traitement des réclamations clients  - Contrat : CDI + avantages sociaux - Rémunération : 7000 dh - 8000 dh net",424
Assistante Marketing / Designer - Meknès,SOMACOS,Agadir - Béni Mellal-Khénifra - Casablanca-Mohammedia - Dakhla -...,"Nous sommes à la recherche d'une  Assistante Marketing / Designer. Missions principales Élaborer et mettre en œuvre des stratégies marketing Gérer les campagnes de communication (digitales et/ou offline) Analyser les performances (KPI, ROI, rapports) Participer à la création de contenus (réseaux sociaux, emailing, désigne , supports commerciaux) Réaliser des études de marché et de veille concurrentielle",406
Electricien Industriel - Mohammedia,TECTRA,Casablanca-Mohammedia,Tectra recrute un Electricien Industriel pour son client sur Mohammedia . Cantine et transport assuré  Contrat d'intérim+avantages sociaux Rémunération : entre 4000 dh et 5000 dh net,182
Technicien Régleur de l´Injection - Meknès,SOMACOS,Agadir - Béni Mellal-Khénifra - Casablanca-Mohammedia - Dakhla -...,"Nous recrutons un  Technicien Régleur de l'Injection. Description du poste Vous interviendrez dans une industrie en production continue en 3X8. Durant votre poste, Vous affecterez les tâches à effectuer pendant le poste au sein de l'équipe. Vous veillerez à la bonne réalisation des productions selon les besoins clients et les standards sécurité et qualité et serez vous-même œuvrant (assurer les changements de série, montage démontage des filières et des conformateurs, assurer la maintenance première niveau suivre et préparation mélange la mise en place des 5S la rédaction des rapport production contrôles qualité ...). Vous serez l'interlocuteur principal entre votre équipe et le Responsable de Production :...",718
Chef d´Injection - Meknès,SOMACOS,Agadir - Béni Mellal-Khénifra - Casablanca-Mohammedia - Dakhla -...,"Nous recrutons un  Chef d'Injection. Missions principales Pilotage de la production injection Maîtrise du process injection Qualité & performance Management des équipes Sécurité, hygiène et organisation Maintenance et équipements Responsabilités Performance globale de l’atelier injection Qualité et conformité des pièces produites Sécurité des personnes et des équipements Disponibilité des machines Niveau de compétence des équipes injection",443
Soudeur / Industrie - Meknès,SOMACOS,Agadir - Béni Mellal-Khénifra - Casablanca-Mohammedia - Dakhla -...,"Nous sommes à la recherche d’un soudeur motivé et rigoureux pour rejoindre notre équipe. Vous serez responsable d’effectuer des travaux de soudure selon les plans, les normes de qualité et les consignes de sécurité en vigueur.",226
Technicien de Maintenance Industrielle - Meknès,SOMACOS,Agadir - Béni Mellal-Khénifra - Casablanca-Mohammedia - Dakhla -...,"On est à la recherche des Techniciens de Maintenance Industrielle  à Meknès, expérimenté en maintenance industriel et multi techniques. Les missions ; Effectuer l’entretien courant du parc machine et des infrastructures. réaliser les travaux de maintenance préventive en fonction du planning établi. effectuer les réglages machines (demande production ou qualité). intervenir immédiatement sur tout dysfonctionnement machine (dépannage). veiller à la bonne marche des équipements, détecter les anomalies afin de limiter les temps d’arrêt de production et prévenir de tout risque de casse, de panne ou d’accident. valider le fonctionnement de la machine et assurer la propreté du poste après...",693
Technicien Supérieur Laboratoire - Aïn El Aouda,AMANYS PHARMA,Rabat-Salé-Kénitra,"Nous sommes à la recherche d'un  Technicien Supérieur Laboratoire. Votre mission Rattaché(e) au Responsable Contrôle Qualité, vous intervenez dans le cadre de projets spécifiques (transfert analytique, qualification d’équipements, validation de méthodes, lancement de nouveaux produits, amélioration continue). Votre rôle est clé pour garantir la fiabilité des analyses et la conformité réglementaire des activités laboratoire. Réalisation des analyses et activités projet Gestion des anomalies et amélioration continue Support technique & équipements Qualité & conformité réglementaire",586
Technicien Maintenance - Ain Aouda,AMANYS PHARMA,Rabat-Salé-Kénitra,"Nous sommes à la recherche d'un  Technicien Maintenance. Missions : Assurer la maintenance préventive et corrective des équipements industriels (production, utilités, conditionnement, etc.) Diagnostiquer les pannes et intervenir rapidement afin de minimiser les arrêts de production Participer à l’installation, au réglage et à la mise en service des nouveaux équipements Contribuer à l’amélioration continue des installations et proposer des actions d’optimisation Renseigner les interventions dans le système de gestion de maintenance (GMAO) Veiller au respect des normes de sécurité, d’hygiène et des BPF Participer aux qualifications techniques et aux audits internes si...",677
Pâtissier Viennoiserie et Gâteaux Dessert - Casablanca,TECTRA RECRUTEMENT MAROC,Casablanca-Mohammedia,"L’Humain est au cœur de notre métier ! TECTRA est aujourd’hui leader du conseil en Ressources Humaines au Maroc. Avec plus de 1000 clients actifs multisectoriels et une force de réseaux de 27 agences partout dans le Royaume, Tectra vous accompagne dans votre recherche d’emploi.  Pour l’un de ses clients, dans (la pâtisserie), TECTRA recherche un(e) Pâtissier , à Casablanca. Missions Principales : Maîtriser les techniques de cuisson et de température pour obtenir des résultats optimaux Préparer et réaliser différentes pâtisseries et desserts selon des recettes traditionnelles ou innovantes Décorer les pâtisseries avec des glaçages, des motifs et des garnitures attrayantes",679
Réceptionniste Caissière - Casablanca,TECTRA RECRUTEMENT MAROC,Casablanca-Mohammedia,"L’Humain est au cœur de notre métier ! TECTRA est aujourd’hui leader du conseil en Ressources Humaines au Maroc. Avec plus de 1000 clients actifs multisectoriels et une force de réseaux de 27 agences partout dans le Royaume, Tectra vous accompagne dans votre recherche d’emploi.  Nous sommes à la recherche d'une  Réceptionniste Caissière. Missions Principales : Accueil & Service :  Accueil courtois, gestion du standard téléphonique, réponse aux demandes clients. Réception :  Check-in (arrivée), check-out (départ), remise des clés, gestion des réservations. Facturation/Caisse :  Enregistrement des consommations/services, édition des factures, encaissement (...",666
Technicien Informaticien - Taliouine - Askaoun,AYA GOLD AND SILVER,Agadir & Marrakech-Safi,"Nous sommes à la recherche d'un  Technicien Informaticien. Mission : Assurer l’installation et la garantie de fonctionnement des équipements informatiques et téléphoniques (matériels et logiciels) liés au poste de travail Responsabilités : Préparer et installer le poste de travail ; Assurer la maintenance préventive et corrective des ordinateurs ; Contribuer à la gestion du parc ; Assure une veille technologique sur les ordinateurs et les logiciels ; Assurer le support auprès des utilisateurs ; Contribuer à la disponibilité, confidentialité et l’intégrité du système d’information ; Principales activités : Installation initiale des équipements informatiques et téléphoniques...",684
Ingénieur en Génie Électrique – Bureau D’Études Techniques (BET) - Rabat,JOB CONNECT,Rabat-Salé-Kénitra,"Nous recrutons pour le compte de notre client basé à Rabat, Un Ingénieur en Génie Électrique – Bureau d’Études Techniques (BET) dans le secteur BTP / Ingénierie Missions principales : Réaliser des études techniques détaillées (APS, APD, EXE) en génie électrique, avec un positionnement clair dans un BET. Maîtriser les normes obligatoires : NF C 15-100, IEC 60364, normes incendie, adaptées aux projets de bâtiments, hôpitaux, data centers et industries. Utiliser de manière indispensable les logiciels BET : Caneco BT, Caneco EP, Dialux, Relux, Autocad, Revit, Excel/MEP. Produire des notes de calcul rigoureuses : bilans de puissance, courants de court-circuit, dimensionnement des câbles et disjoncteurs....",710
Esthéticienne - M´diq,TECTRA TANGER – RECRUTEMENT,Tanger-Tétouan-Al Hoceïma,"L’Humain est au cœur de notre métier ! TECTRA est aujourd’hui leader du conseil en Ressources Humaines au Maroc. Avec plus de 1000 clients actifs multisectoriels et une force de réseaux de 27 agences partout dans le Royaume, Tectra vous accompagne dans votre recherche d’emploi.  Pour l’un de ses clients, dans le secteur hôtellerie, TECTRA recherche une Esthéticienne , à M'diq. Missions Principales : Réalisation de modelages bien-être, soins du visage et du corps, soins des mains/pieds, et parfois des soins orientaux comme le hammam.   Accueil personnalisé, conseil expert en produits de beauté haut de gamme, et capacité à créer une atmosphère de détente absolue....",672
Agent HSE - Sidi Hajjaj,PLUS INTERIM,Settat,"Pour le compte de l’un de nos clients, nous recrutons un(e) Agent HSE pour un site basé à Sidi Hajjaj. Missions principales : Rattaché(e) à la direction, vous aurez pour principales responsabilités : Veiller au respect des consignes de sécurité au sein de l’entrepôt (circulation, port des EPI, signalisation) Contrôler les conditions de manutention et l’utilisation des équipements (chariots élévateurs, gerbeurs…) Assurer le suivi de l’état des équipements et signaler toute anomalie Vérifier la conformité du stockage (stabilité des charges, respect des hauteurs, organisation des rayonnages) Identifier les situations à risque et proposer des actions correctives Participer à la prévention...",696
Responsable Bureau d’Études et Méthodes – Industrie / BTP - Rabat,JOB CONNECT,Rabat-Salé-Kénitra,"Nous recrutons pour le compte de notre client basé à Mohammedia, Un(e) Responsable Bureau d’Études dans le secteur Industrie / Ingénierie / BTP (Bâtiment et Travaux Publics) Missions principales : Piloter et coordonner les activités du bureau d’études et méthodes. Optimiser les processus industriels (Lean management, amélioration continue) Définir les orientations techniques et assurer la veille technologique. Encadrer les équipes, planifier et suivre les projets techniques. Optimiser les processus industriels (Lean, amélioration continue). Apporter un support technique aux équipes commerciales. Réaliser des études de faisabilité et des chiffrages techniques. Suivre les indicateurs de performance et...",711
Responsable Achats Senior – Gros Œuvre / Second Œuvre - Rabat,JOB CONNECT,Rabat-Salé-Kénitra,"Nous recrutons pour le compte de notre client basé à Rabat, Un(e) Responsable Achats Senior – Gros Œuvre / Second Œuvre dans le secteur : BTP – Construction. Missions principales : Définir, mettre en œuvre et optimiser la stratégie d’achats pour les projets de gros œuvre et second œuvre. Sélectionner, négocier et gérer les relations avec les fournisseurs et sous-traitants. Assurer le suivi des approvisionnements pour garantir la disponibilité des matériaux dans le respect des délais et budgets. Contrôler la qualité des matériaux et veiller au respect des normes techniques et réglementaires. Élaborer et suivre les indicateurs de performance des achats et proposer des actions d’amélioration....",701
Ingénieur Génie Civil Senior – Gros Œuvre et Second Œuvre - Rabat,JOB CONNECT,Rabat-Salé-Kénitra,"Nous recrutons pour le compte de notre client basé à Rabat, Un(e) Ingénieur Génie Civil Senior – Gros Œuvre et Second Œuvre dans le secteur BTP – Construction Missions principales : Superviser et coordonner les travaux de gros œuvre et de second œuvre sur les chantiers. Assurer la conformité des travaux aux plans, normes techniques et réglementations en vigueur. Participer à la planification des projets et au suivi des délais, coûts et qualité. Contrôler les matériaux utilisés et garantir le respect des standards de sécurité. Collaborer avec le bureau d’études, les conducteurs de travaux et les sous-traitants pour optimiser l’exécution des projets. Identifier et résoudre les problèmes...",696
Restaurant Manager - Cameroun - Yaoundé,AFRICAWORK,International,"Nous recrutons pour l'un de nos clients, un restaurant Lounge, un(e)  Restaurant Manager. Position basée à Yaoundé - Cameroun Responsabilités: Rattaché(e) à la direction générale, vous serez en charge de: Gestion opérationnelle quotidienne; Gestion Financière; Gestion du personnel; Gestion des stocks; Gestion du Marketing et développement commercial; Expérience client et image de marque;",390
Conducteur de Travaux Senior – Gros Œuvre et Second Œuvre - Rabat,JOB CONNECT,Rabat-Salé-Kénitra,"Nous recrutons pour le compte de notre client basé à Rabat, Un Conducteur de Travaux Senior – Gros Œuvre et Second Œuvre dans le secteur BTP – Construction Missions principales : Planifier, coordonner et superviser l’exécution des travaux de gros œuvre et second œuvre sur les chantiers. Assurer la conformité des travaux aux plans, cahiers des charges et normes techniques. Gérer les équipes de chantier, sous-traitants et fournisseurs pour garantir le respect des délais et budgets. Contrôler la qualité des matériaux et travaux réalisés et assurer la sécurité sur le chantier. Suivre les indicateurs de performance (délais, coûts, qualité) et proposer des actions correctives. Préparer et transmettre...",706
Chargé de Portefeuille - Oued Amlil,FONDATION ARRAWAJ,Fès & Oujda,"Fondation ARRAWAJ, est un acteur économique et social majeur dans le secteur de la micro-finance, elle s’appuie sur un capital humain fort de plus de 2000 collaborateurs, réparti sur un réseau de plus de 208 agences.Dans le cadre de son développement, la fondation ARRAWAJ recrute des  Chargés de Portefeuille H/F  au niveau de nos agences à Oued amlil  . Missions : En tant que «  Chargé de Portefeuille  », vous aurez pour principales missions :  Gérer et développer le portefeuille client Faire des prospections de nouveaux clients Mettre en avant nos produits et nos services auprès des clients potentiels Accompagner et conseiller les clients...",650
Chauffeur Camion Poids Lourds - Rabat,JOB CONNECT,Rabat-Salé-Kénitra,"Nous recrutons pour le compte de notre client basé à Rabat, Un Chauffeur Camion Poids Lourds dans le secteur du transport. Missions principales : Conduire des camions poids lourds en respectant les itinéraires et les horaires prévus. Assurer le transport sécurisé des matériaux et marchandises vers les chantiers ou clients. Veiller à la sécurité du chargement et au respect des normes de transport. Effectuer l’entretien quotidien du camion (niveaux, pneus, vérifications mécaniques de base). Signaler tout incident, panne ou problème rencontré pendant le transport. Respecter les règles de sécurité routière et les procédures internes de l’entreprise.",653
Conducteur de Machine Offset - Rabat,JOB CONNECT,Rabat-Salé-Kénitra,"Nous recrutons pour le compte de notre client basé à Rabat, Un Conducteur de Machine Offset dans le secteur Imprimerie / Industrie graphique Missions principales : Assurer la conduite et le réglage des machines offset pour l’impression de documents, emballages ou supports divers. Préparer les supports, encres et plaques nécessaires pour chaque production. Contrôler la qualité de l’impression et ajuster les paramètres pour garantir la conformité aux standards. Effectuer l’entretien de première ligne et le nettoyage des machines selon les procédures.  Signaler tout dysfonctionnement ou panne à l’équipe technique ou maintenance. Respecter les normes de sécurité et les procédures internes...",696
Responsable Finance et Comptabilité - Kénitra,TK BETON,Rabat-Salé-Kénitra,"Nous sommes un groupe industriel basé dans la région de kenitra nous recrutons un Responsable Financier Groupe pour rejoindre notre équipe et accompagner notre développement. Missions principales : En tant que Responsable Financier, vous serez un acteur clé dans la gestion financière du groupe. Vos principales missions seront les suivantes : Superviser l'ensemble des fonctions financières : comptabilité, trésorerie, contrôle de gestion, fiscalité, etc. Élaborer, mettre en place et suivre les budgets et les prévisions financières. Analyser les résultats financiers et fournir des recommandations à la direction générale pour soutenir la prise de décisions stratégiques. Assurer la gestion de la trésorerie et...",716
Conducteur de Machine Offset - Rabat,JOB CONNECT,Rabat-Salé-Kénitra,"Nous recrutons pour le compte de notre client basé à Rabat, Un Conducteur de Machine Offset dans le secteur Imprimerie / Industrie graphique Missions principales : Assurer la conduite et le réglage des machines offset pour l’impression de documents, emballages ou supports divers. Préparer les supports, encres et plaques nécessaires pour chaque production. Contrôler la qualité de l’impression et ajuster les paramètres pour garantir la conformité aux standards. Effectuer l’entretien de première ligne et le nettoyage des machines selon les procédures. Signaler tout dysfonctionnement ou panne à l’équipe technique ou maintenance. Respecter les normes de sécurité et les procédures internes de l...",700
Ingénieur en Génie Électrique – Bureau d’Études Techniques - Rabat,JOB CONNECT,Rabat-Salé-Kénitra,"Nous recrutons pour le compte de notre client basé à Rabat, Un (e) Ingénieur en Génie Électrique – Bureau d’Études Techniques dans le secteur BTP / Ingénierie. Missions principales : Réaliser des études techniques détaillées (APS, APD, EXE) en génie électrique, avec un positionnement clair dans un BET. Maîtriser les normes obligatoires : NF C 15-100, IEC 60364, normes incendie, adaptées aux projets de bâtiments, hôpitaux, data centers et industries. Utiliser de manière indispensable les logiciels BET : Caneco BT, Caneco EP, Dialux, Relux, Autocad, Revit, Excel/MEP. Produire des notes de calcul rigoureuses : bilans de puissance, courants de court-circuit, dimensionnement des câbles et disjoncteurs....",709
Technicien Laboratoire - Casablanca,COLORADO,Casablanca-Mohammedia,"Dans le cadre de son projet de développement dédié aux procédés de polymérisation, COLORADO recrute des Techniciens Laboratoire sur son site industriel de Dar Bouazza. Missions du poste : Réaliser les analyses physico-chimiques sur matières premières, produits en cours et produits finis Effectuer les contrôles liés aux procédés de polymérisation (indices, viscosité, conversion, granulométrie, etc.) Préparer les échantillons et les réactifs Interpréter, enregistrer et valider les résultats d’analyses Assurer la traçabilité des essais",538
Responsable Approvisionnement - Casablanca,COLORADO,Casablanca-Mohammedia,"Nous recrutons un Responsable Approvisionnement pour le compte de notre société rattaché à notre direction pôle industriel. Missions principales : Élaborer et mettre en œuvre la stratégie d’approvisionnement Planifier et assurer la disponibilité des matières premières, produits et consommables Optimiser les niveaux de stock et réduire les coûts d’approvisionnement",366
Quality Technician - Sala Al Jadida - Parc Technopolis Rabat,LEAR AUTOMOTIVE MOROCCO,Casablanca-Mohammedia - Fès - Meknès - Rabat-Salé-Kénitra - Settat...,"a { text-decoration: none; color: #464feb; } tr th, tr td { border: 1px solid #e6e6e6; } tr th { background-color: #f5f5f5; } Nous sommes à la recherche d'un  Quality Technician. Missions : Mise à jour des indicateurs qualité hebdomadaires. Suivi des défauts litigieux et des problèmes qualité. Participation ou pilotage des actions d’amélioration. Audits des processus de réalisation du produit. Suivi quotidien des défauts et analyse des récurrences. Gestion et résolution des problèmes qualité internes. Certification et formation des opérateurs (autocontrôle, sensibilisation qualité). Respect des standards 5S et des règles de sécurité. Autorité pour arrêter la...",669
Assistante Administrative et Commerciale - Casablanca,CALLIOPE,Casablanca-Mohammedia,"Nous sommes à la recherche des  Assistantes Administratives et Commerciales. Missions : Assurer le lien entre le Conseiller Pédagogique et les établissements scolaires (écoles, collèges, lycées). Contacter les établissements pour organiser les rendez-vous, ateliers et présentations pédagogiques. Préparer les supports, documents et échantillons nécessaires aux interventions du Conseiller Pédagogique. Recueillir les besoins des écoles et transmettre les informations pour un suivi précis et efficace. Assurer le suivi administratif : coordination des agendas, préparation de comptes-rendus, mise à jour des bases de données. Gérer les relances et maintenir une communication fluide avec les établissements...",710
Déclarant en Douane - Casablanca,,Casablanca-Mohammedia,"Nous recherchons un Déclarant en douane confirmé (5 à 10 ans d’expérience) pour rejoindre notre équipe logistique. Sous la responsabilité du Responsable Douane, vous assurerez la préparation et le dépôt des déclarations d’importation et d’exportation, tout en garantissant la stricte conformité réglementaire de nos opérations. Missions Principales Gestion Opérationnelle : Rédiger et transmettre les déclarations en douane via les plateformes dédiées. Tarification : Classer les marchandises selon la nomenclature douanière (codes HS) et calculer les droits et taxes applicables. Audit Documentaire : Vérifier la validité des documents commerciaux (factures, certificats d’origine, licences,...",695
Infirmier - Settat,TECTRA,Settat,"Nous sommes à la recherche des  Infirmiers. Missions : Assurer la gestion de l’infirmerie de l’usine, Veiller au bon état du matériel de l’infirmerie et de l’ambulance, Organiser les visites médicales annuelles et périodiques de l’ensemble du personnel, Dispenser les premiers soins au personnel, Intervenir en cas d’incident ou de malaise (premiers secours), Tenir les registres de distribution des médicaments, Assurer la tenue du registre des visites médicales, Gérer les dossiers médicaux de l’ensemble du personnel, Assurer la tenue des registres des soins et des accidents de travail (AT), Contrôler et enregistrer les dossiers d’assurance maladie, Assurer le...",668
Gestionnaire Senior Juridique et Conformité (H/F) - Casablanca,AFRICAWORK,Casablanca-Mohammedia,"Nous recrutons pour le compte de notre client, acteur majeur du secteur bancaire, un(e) Gestionnaire Senior Juridique et Conformité. Missions principales Gestion des risques Identifier, évaluer et assurer le suivi des risques liés à l’activité. Définir et piloter des plans d’actions correctifs et préventifs. Mettre en place des indicateurs de suivi des risques (KRI) et assurer un reporting régulier à la Direction. Conformité & juridique Assurer la conformité réglementaire avec les autorités marocaines et les standards internationaux, en coordination avec les différentes entités. Rédiger, analyser et valider les contrats, conventions et documents juridiques. Accompagner les équipes sur les...",700
Technicien Régleur en Injection - Meknès,SOMACOS,Agadir - Béni Mellal-Khénifra - Casablanca-Mohammedia - Dakhla -...,"Lieu : Meknès Organisation : Production continue – Horaires 3×8 Horaires : 06h00 – 14h00 14h00 – 22h00 22h00 – 06h00 Description du poste Dans le cadre de notre activité industrielle en production continue , nous recrutons un Technicien Régleur en Injection . Vous interviendrez directement sur les lignes de production et participerez activement à l’organisation et au bon déroulement des opérations tout en respectant les exigences qualité, sécurité et productivité . Vous serez un technicien opérationnel , impliqué sur le terrain et en lien direct avec le Responsable de Production . Missions principales Organiser et affecter les tâches au sein de l’...",658
Chef D’Équipe Plasturgie – Extrusion - Meknès,SOMACOS,Agadir - Béni Mellal-Khénifra - Casablanca-Mohammedia - Dakhla -...,"Dans le cadre de notre activité industrielle en production continue , nous recrutons un Chef d’Équipe Plasturgie – Extrusion . Rattaché au Responsable de Production , vous assurez l’organisation, le pilotage et la réalisation des opérations de production tout en encadrant votre équipe sur le terrain. Vous êtes un chef d’équipe opérationnel , impliqué directement dans la production. Missions principales Organiser et affecter les tâches au sein de l’équipe pendant le poste. Assurer la bonne réalisation de la production conformément aux exigences clients, aux standards qualité et sécurité . Intervenir directement sur les opérations de production : changements de série,...",677
Chef D’Atelier Injection Plastique - Meknès,SOMACOS,Agadir - Béni Mellal-Khénifra - Casablanca-Mohammedia - Dakhla -...,"Nous recrutons  SUR MEKNÈS - Chef d’Atelier Injection Plastique. Missions principales Pilotage de la production injection Maîtrise du process injection Qualité & performance Management des équipes Sécurité, hygiène et organisation Maintenance et équipements Responsabilités Performance globale de l’atelier injection Qualité et conformité des pièces produites Sécurité des personnes et des équipements Disponibilité des machines Niveau de compétence des équipes injection",471
Développeur Fullstack Web/Mobile - Marrakech,MTS SYSTEM,Casablanca-Mohammedia - Marrakech-Safi & Rabat-Salé-Kénitra,"Société à rayonnement international, implantée à Marrakech depuis 2006, spécialisée dans la distribution et le développement d’applications commerciales et monétiques, est à la recherche de  Développeurs Full Stack. Missions : Sous la direction d’un chef de projet, au sein d’une équipe de développeurs, vous participerez à la conception et au développement technique de nouvelles applications web et/ou mobile. Activités principales : Développement des applications : Rédiger les lignes de codes nécessaires à la création d’une application Appliquer les règles de navigation, créer des liens entre les pages Développer les interfaces Corriger et optimiser les fonctionnalités...",679
Chargé des Méthodes (en Maintenance Multi-technique) - Rabat,,Rabat-Salé-Kénitra,"Nous cherchons à recruter un Chargé des Méthodes pour appuyer les équipes opérationnelles dans la mise en place, le suivi et l'amélioration continue de contrats de maintenance multi-technique Missions Optimiser et améliorer les outils GMAO. Élaborer les gammes opératoires, plans de maintenance et méthodes d’intervention. Analyser les données de maintenance, suivre les indicateurs de performance (KPI) et produire les reportings d’activité. Proposer et mettre en œuvre des actions d’amélioration continue des processus de maintenance. Assurer la coordination entre les équipes techniques, les sous-traitants et les fournisseurs. Veiller à la conformité des interventions aux exigences QHSE et aux...",701
Chef de Produit (H/F) - Secteur de La Grande Distribution - Casablanca,MARJANE MARKET,Casablanca-Mohammedia,"Dans le cadre du renforcement de sa Direction Marketing, l’enseigne Marjane Market recrute au niveau de son siège basé à Casablanca un Chef de Produit (H/F) . Dans ce cadre vous serez pleinement impliqué (e) sur les missions suivantes : Élaborer et assurer la mise en place de plans et outils marketing visant la valorisation des produits, la satisfaction des besoins clients et l’accroissement du chiffre d’affaires. Harmoniser les pratiques des magasins Marjane Market via des outils marketing communs. Définir et assurer la mise en place des actions promotionnelles. Assurer une veille commerciale et promotionnelle sur le marché.",633
Account Manager - Casablanca,GROUPE MCE,Casablanca-Mohammedia,"Dans le cadre du développement de ses activités, notre client recrute un Account Manager Marketplace chargé d’accompagner et de développer un portefeuille de vendeurs (segment Long Tail) afin d’améliorer leur performance commerciale et leur contribution au chiffre d’affaires. Missions principales : Accompagner les vendeurs dans le développement de leur activité sur la marketplace. Déployer des plans de croissance personnalisés en fonction des objectifs et du potentiel de chaque vendeur. Analyser les performances commerciales et identifier les opportunités d’amélioration. Intégrer les vendeurs aux différentes campagnes promotionnelles. Résoudre les problématiques opérationnelles et commerciales...",705
Assistante Administrative et Community Manager (Dermo-Cosmétique) - Rabat,JOB CONNECT,Rabat-Salé-Kénitra,"Nous recrutons pour le compte de notre client, un établissement spécialisé dans le bien-être, le spa et la coiffure, une Assistante Administrative et Community Manager dynamique, organisée et créative. Missions principales : Assurer le volet administratif Assurer le volet Community Management Gérer et animer les réseaux sociaux (Instagram, Facebook, etc.) Créer du contenu attractif (photos, vidéos, stories, promotions) Répondre aux messages et commentaires des clients Mettre en place des campagnes promotionnelles et offres spéciales Suivre les performances (engagement, visibilité) et proposer des améliorations",617
Assistante Logistique Import - Casablanca,,Casablanca-Mohammedia,"Nous recrutons une Assistante Logistique Import pour renforcer notre équipe et assurer la gestion efficace de nos opérations d’importation. Rattaché(e) à la responsable import, vous aurez pour mission de garantir le bon déroulement des opérations d’import, depuis la constitution des dossiers jusqu’à la réception des marchandises, tout en veillant à la conformité réglementaire et à l’optimisation des coûts. Vos principales missions : Gérer les dossiers d’import (titres d’importation, licences, lettres de crédit, factures, etc.) Assurer la coordination avec les banques (SWIFT, opérations financières) Suivre les transitaires et optimiser les coûts et délais de transport Vérifier la...",690
Chargé(e) de Paie et Administration du Personnel - Casablanca,CALLIOPE,Casablanca-Mohammedia,"Nous recrutons un Chargé(e) de Paie et Administration du Personnel basé à Casablanca. Missions principales : Assurer la gestion administrative du personnel : contrats, attestations, dossiers du personnel et mises à jour. Gérer le processus de paie de A à Z : collecte des variables, préparation des bulletins de paie et déclarations sociales et fiscales. Suivre les congés, absences et arrêts maladie conformément à la législation du travail. Rédiger et mettre à jour les contrats de travail et documents administratifs. Assurer les déclarations sociales et les formalités administratives auprès des organismes concernés. Gérer les relations avec les organismes sociaux (CNSS, assurances, retraite, etc.)....",708
Conseiller(ère) Pédagogique - Tout Le Maroc,CALLIOPE,Agadir - Béni Mellal-Khénifra - Casablanca-Mohammedia - Fès -...,"Vous êtes enseignant(e) ou issu(e) du milieu de l’éducation ? Mettez votre expertise au service d’un nouveau défi stimulant ! Rejoignez notre équipe et accompagnez les établissements scolaires dans le choix de ressources pédagogiques innovantes et adaptées à leurs besoins . Nous recrutons actuellement des Conseiller(ère)s Pédagogiques dans plusieurs régions du Maroc . Missions : Démarcher les établissements scolaires et présenter notre gamme de manuels et supports pédagogiques Conseiller et accompagner les enseignants dans le choix des ressources adaptées à leurs besoins Assurer le suivi, la fidélisation et l’organisation d’ateliers ou d’événements pédagogiques",669
Responsable Back-Office - Casablanca,CALLIOPE,Casablanca-Mohammedia,"Calliope est une entreprise spécialisée dans la distribution de programmes, méthodes et manuels pédagogiques, notamment dans le domaine des langues. Nous accompagnons les établissements scolaires et institutions éducatives avec des solutions pédagogiques de qualité. Dans le cadre de notre développement, nous recrutons un(e) Responsable Back-Office pour encadrer et piloter une équipe de conseillers pédagogiques. Rattaché(e) à la Direction, vous aurez pour principales responsabilités : Encadrer, animer et accompagner une équipe de conseillers pédagogiques Organiser et superviser l’activité du back-office Assurer le suivi des objectifs commerciaux et pédagogiques Mettre en place des outils de reporting et...",714
Coordinateur(trice) Examens Cambridge - Casablanca,CALLIOPE,Casablanca-Mohammedia,"Dans le cadre du renforcement de notre équipe, nous recrutons un(e) Coordinateur(trice) Examens Cambridge . Missions principales : Accompagner l’équipe dans la préparation, l’organisation et le bon déroulement des examens Cambridge Veiller au respect strict des procédures et normes liées à la gestion des examens Assurer le suivi de la réception des résultats et leur dispatching aux candidats Gérer les aspects administratifs liés aux examens Participer aux activités pédagogiques et contribuer à l’amélioration continue des processus Assurer la coordination avec les différentes parties prenantes (enseignants, candidats, administration",639
Coordinatrice Pédagogique Anglophone - Casablanca,CALLIOPE,Casablanca-Mohammedia,"Nous recherchons une Coordinatrice Pédagogique Anglophone pour rejoindre notre centre de formation. Missions : Assurer l’organisation et la coordination pédagogique : création des classes, inscriptions, planification des cours, gestion des salles, des enseignants et des supports pédagogiques. Gérer le suivi des cours et garantir le bon déroulement des formations. Être l’interlocutrice principale des participants et assurer un service client de qualité. Mettre à jour régulièrement la base de données clients. Assurer la réception et le traitement des appels téléphoniques.",576
Responsable Développement Commercial Anglophone - Casablanca,CALLIOPE,Casablanca-Mohammedia,"Vous êtes parfaitement bilingue anglais/français, passionné(e) par l’éducation internationale et doté(e) d’un excellent sens commercial ? Rejoignez notre structure pour piloter le développement d’un pôle dédié aux certifications en langue anglaise ! Nous sommes à la recherche d'un  Responsable Développement Commercial Anglophone. Missions : Gérer les relations avec les institutions partenaires et les établissements scolaires Définir et mettre en œuvre la stratégie commerciale pour le pôle des certifications linguistiques en anglais Identifier de nouveaux marchés, développer des partenariats avec des institutions éducatives ou professionnelles Gérer et coordonner l’ensemble des...",688
Assistante Administrative et Community Manager (Secteur scolaire) - Rabat,JOB CONNECT,Rabat-Salé-Kénitra,"Nous recrutons, pour le compte de notre client basé sur l’autoroute d’Ain Aouda (à proximité de Rabat), une Assistante Administrative et Community Manager . Son rôle consiste à assurer la gestion administrative ainsi que le développement digital. Missions principales : Gestion du volet administratif Accueil physique et téléphonique des parents et visiteurs Gestion des dossiers administratifs des élèves (inscriptions, suivi, classement) Rédaction de courriers, comptes rendus et documents officiels Suivi des absences, retards et communication avec les parents Coordination avec l’équipe pédagogique et la direction Organisation des réunions et événements scolaires Gestion des réseaux sociaux de l...",704
Chef de Rang (Anglophone) - Rabat,JOB CONNECT,Rabat-Salé-Kénitra,"Nous recrutons pour le compte de notre client basé à Rabat, Un Chef de Rang (Anglophone) . Son rôle consiste à assurer un service en salle de haute qualité, garantir la satisfaction des clients et coordonner les opérations avec l’équipe du restaurant, tout en utilisant l’anglais comme langue principale de communication avec la clientèle internationale. Missions principales : Accueillir les clients avec professionnalisme et courtoisie Présenter les menus, conseiller et prendre les commandes en anglais Assurer le service des plats et des boissons selon les standards du restaurant Superviser et coordonner le travail des commis de salle et assistants serveurs Veiller à la propreté et à l’organisation de...",711
Comptable - Rabat,JOB CONNECT,Rabat-Salé-Kénitra,"Nous recrutons pour le compte de notre client, un cabinet d’avocat basé à Rabat, un(e) Comptable. Missions principales : Assurer la tenue de la comptabilité générale du cabinet Saisir, contrôler et classer les pièces comptables (factures, relevés bancaires, notes de frais…) Suivre les encaissements et décaissements (honoraires, paiements clients, charges…) Effectuer les rapprochements bancaires Préparer les déclarations fiscales (TVA, IS, IR…) en collaboration avec le cabinet externe si nécessaire Assurer le suivi de la trésorerie Participer à la préparation des bilans et situations comptables périodiques Veiller au respect des obligations légales et fiscales Mettre en place et...",689
Comptable – Fiduciaire Exigée - Rabat,JOB CONNECT,Rabat-Salé-Kénitra,"Nous recrutons pour le compte de notre client à Rabat, un(e) Comptable expérimenté(e), ayant travaillé en fiduciaire, maîtrisant parfaitement la comptabilité et la fiscalité marocaines, et en charge de la gestion comptable de l’entreprise. Missions principales : Assurer la tenue complète de la comptabilité (saisie, lettrage, classement) Établir les déclarations fiscales et sociales (TVA, IS, IR, CNSS) Réaliser les rapprochements bancaires et le suivi de trésorerie Préparer les situations comptables périodiques Participer à l’élaboration des bilans et liasses fiscales Veiller au respect des obligations légales et fiscales Gérer la relation avec les administrations (DGI, CNSS…)",684
